episode,reward
1,-452.06600000000003
2,-77.87399999999997
3,-788.212
4,-95.78200000000018
5,-258.74100000000004
6,-522.2920000000004
7,-616.4580000000003
8,-333.66999999999996
9,-757.1680000000001
10,-83.52400000000003
