episode,reward
1,-110.20299999999986
2,-401.061
3,-399.68199999999996
4,-55.67399999999998
5,-110.56400000000002
6,-596.4179999999998
7,-724.5920000000001
8,-10.738000000000028
9,-152.8710000000001
10,46.33200000000002
