episode,reward
1,-63.902000000000044
2,-885.7270000000001
3,-830.466
4,-166.48199999999989
5,-140.3130000000001
6,-1170.8819999999998
7,-397.543
8,-664.6500000000003
9,-109.06600000000003
10,-198.90999999999997
