episode,reward
1,-818.1210000000002
2,-231.15500000000006
3,-127.64000000000017
4,-431.74100000000004
5,-78.06600000000003
6,-400.3140000000001
7,-585.9839999999999
8,-239.08699999999993
9,-1174.7889999999995
10,-98.71600000000004
