episode,reward
1,-517.187
2,-1086.647
3,-514.348
4,-241.74400000000009
5,-725.0039999999999
6,-949.9029999999997
7,-454.6369999999999
8,-330.6120000000001
9,-281.8470000000001
10,-277.0969999999999
