episode,reward
1,-712.7289999999999
2,-885.6989999999998
3,-166.43100000000004
4,-962.9999999999997
5,-228.41999999999993
6,-90.91199999999985
7,-821.0580000000001
8,-1308.094999999999
9,-927.6940000000002
10,-1196.644999999999
