episode,reward
1,-301.25800000000004
2,-1203.562
3,-1295.9909999999988
4,-470.56999999999977
5,-460.4439999999999
6,-212.48999999999995
7,-865.406
8,-520.2750000000001
9,-379.19599999999974
10,-484.06000000000006
