episode,reward
1,-201.05499999999964
2,-512.0630000000004
3,-784.2400000000001
4,-112.88699999999977
5,-351.48699999999985
6,-115.25700000000006
7,-175.08599999999996
8,-147.119
9,-249.0710000000002
10,-235.56499999999994
