episode,reward
1,-260.93499999999995
2,-1202.2109999999982
3,-1157.3489999999993
4,-333.61800000000005
5,-307.3940000000001
6,-728.9030000000007
7,-3.329000000000022
8,-182.99699999999999
9,-84.57800000000002
10,-95.21400000000006
