{
  "meta_dynaq": {
    "mean": {
      "cost_per_order": 2.235486891751249,
      "success_rate": 0.9334850134989088,
      "ontime_rate": 0.9442030623005602,
      "mean_delivery_time": 31.97463918219957,
      "energy_per_order": 0.21686194824494262,
      "depletion_events": 2.3333333333333335,
      "idle_pct": 0.0713383667701175,
      "charger_utilization": 0.13644583014156753,
      "n_delivered": 133.0,
      "n_dropped": 9.666666666666666,
      "episode_return": 1661.8500000000006
    },
    "per_seed": [
      {
        "cost_per_order": 2.7194285714285855,
        "success_rate": 0.8986486486486487,
        "ontime_rate": 0.9398496240601504,
        "mean_delivery_time": 32.78195488721804,
        "energy_per_order": 0.2186766917293371,
        "depletion_events": 2,
        "idle_pct": 0.03758542141230068,
        "charger_utilization": 0.13752847380410022,
        "n_delivered": 133,
        "n_dropped": 15,
        "episode_return": 1593.3160000000012
      },
      {
        "cost_per_order": 1.8794583333333479,
        "success_rate": 0.9411764705882353,
        "ontime_rate": 0.9583333333333334,
        "mean_delivery_time": 32.076388888888886,
        "energy_per_order": 0.21695833333334796,
        "depletion_events": 2,
        "idle_pct": 0.04424083769633508,
        "charger_utilization": 0.14162303664921466,
        "n_delivered": 144,
        "n_dropped": 9,
        "episode_return": 1859.3579999999993
      },
      {
        "cost_per_order": 2.1075737704918147,
        "success_rate": 0.9606299212598425,
        "ontime_rate": 0.9344262295081968,
        "mean_delivery_time": 31.065573770491802,
        "energy_per_order": 0.21495081967214275,
        "depletion_events": 3,
        "idle_pct": 0.13218884120171673,
        "charger_utilization": 0.1301859799713877,
        "n_delivered": 122,
        "n_dropped": 5,
        "episode_return": 1532.8760000000013
      }
    ]
  },
  "random": {
    "mean": {
      "cost_per_order": 29.770708333333328,
      "success_rate": 0.4712914339696035,
      "ontime_rate": 0.8758169934640523,
      "mean_delivery_time": 37.58823529411765,
      "energy_per_order": 0.3125792483660077,
      "depletion_events": 7.666666666666667,
      "idle_pct": 0.09998721076252136,
      "charger_utilization": 0.046084736643460876,
      "n_delivered": 35.666666666666664,
      "n_dropped": 44.0,
      "episode_return": -539.8833333333333
    },
    "per_seed": [
      {
        "cost_per_order": 29.06570833333333,
        "success_rate": 0.5581395348837209,
        "ontime_rate": 0.7916666666666666,
        "mean_delivery_time": 42.333333333333336,
        "energy_per_order": 0.35320833333332763,
        "depletion_events": 8,
        "idle_pct": 0.0546448087431694,
        "charger_utilization": 0.017486338797814208,
        "n_delivered": 24,
        "n_dropped": 19,
        "episode_return": -362.62700000000007
      },
      {
        "cost_per_order": 31.620749999999994,
        "success_rate": 0.4444444444444444,
        "ontime_rate": 0.875,
        "mean_delivery_time": 36.0,
        "energy_per_order": 0.30199999999999494,
        "depletion_events": 8,
        "idle_pct": 0.10582010582010581,
        "charger_utilization": 0.04144620811287478,
        "n_delivered": 32,
        "n_dropped": 40,
        "episode_return": -551.9340000000001
      },
      {
        "cost_per_order": 28.62566666666666,
        "success_rate": 0.4112903225806452,
        "ontime_rate": 0.9607843137254902,
        "mean_delivery_time": 34.431372549019606,
        "energy_per_order": 0.2825294117647006,
        "depletion_events": 7,
        "idle_pct": 0.13949671772428884,
        "charger_utilization": 0.07932166301969365,
        "n_delivered": 51,
        "n_dropped": 73,
        "episode_return": -705.0889999999998
      }
    ]
  },
  "greedy_nearest": {
    "mean": {
      "cost_per_order": 3.0968091787439724,
      "success_rate": 0.8941663989139673,
      "ontime_rate": 0.9440630561912027,
      "mean_delivery_time": 32.33397806109476,
      "energy_per_order": 0.21074506011406421,
      "depletion_events": 2.6666666666666665,
      "idle_pct": 0.07382968929075188,
      "charger_utilization": 0.1327040785627813,
      "n_delivered": 127.66666666666667,
      "n_dropped": 15.0,
      "episode_return": 1488.6506666666673
    },
    "per_seed": [
      {
        "cost_per_order": 2.7194285714285855,
        "success_rate": 0.8986486486486487,
        "ontime_rate": 0.9398496240601504,
        "mean_delivery_time": 32.78195488721804,
        "energy_per_order": 0.2186766917293371,
        "depletion_events": 2,
        "idle_pct": 0.03758542141230068,
        "charger_utilization": 0.13752847380410022,
        "n_delivered": 133,
        "n_dropped": 15,
        "episode_return": 1593.3160000000012
      },
      {
        "cost_per_order": 2.938927536231896,
        "success_rate": 0.9019607843137255,
        "ontime_rate": 0.9637681159420289,
        "mean_delivery_time": 32.39855072463768,
        "energy_per_order": 0.2055942028985626,
        "depletion_events": 3,
        "idle_pct": 0.04314868804664723,
        "charger_utilization": 0.13294460641399417,
        "n_delivered": 138,
        "n_dropped": 15,
        "episode_return": 1639.4280000000006
      },
      {
        "cost_per_order": 3.632071428571436,
        "success_rate": 0.8818897637795275,
        "ontime_rate": 0.9285714285714286,
        "mean_delivery_time": 31.821428571428573,
        "energy_per_order": 0.20796428571429298,
        "depletion_events": 3,
        "idle_pct": 0.14075495841330773,
        "charger_utilization": 0.1276391554702495,
        "n_delivered": 112,
        "n_dropped": 15,
        "episode_return": 1233.2080000000008
      }
    ]
  },
  "milp_rolling": {
    "mean": {
      "cost_per_order": 2.0752230089723116,
      "success_rate": 0.9210453519181967,
      "ontime_rate": 0.9452646732476279,
      "mean_delivery_time": 31.78007824456688,
      "energy_per_order": 0.21633895058541205,
      "depletion_events": 1.3333333333333333,
      "idle_pct": 0.0740718554716598,
      "charger_utilization": 0.13909787460258,
      "n_delivered": 131.0,
      "n_dropped": 11.333333333333334,
      "episode_return": 1659.3843333333343
    },
    "per_seed": [
      {
        "cost_per_order": 3.057445312500014,
        "success_rate": 0.8827586206896552,
        "ontime_rate": 0.9296875,
        "mean_delivery_time": 32.140625,
        "energy_per_order": 0.22697656250001402,
        "depletion_events": 2,
        "idle_pct": 0.028948122671252508,
        "charger_utilization": 0.1407280022929206,
        "n_delivered": 128,
        "n_dropped": 17,
        "episode_return": 1483.6470000000015
      },
      {
        "cost_per_order": 1.6147361111111245,
        "success_rate": 0.935064935064935,
        "ontime_rate": 0.9722222222222222,
        "mean_delivery_time": 32.81944444444444,
        "energy_per_order": 0.20987500000001338,
        "depletion_events": 1,
        "idle_pct": 0.04016282225237449,
        "charger_utilization": 0.14274084124830394,
        "n_delivered": 144,
        "n_dropped": 10,
        "episode_return": 1907.4780000000007
      },
      {
        "cost_per_order": 1.5534876033057956,
        "success_rate": 0.9453125,
        "ontime_rate": 0.9338842975206612,
        "mean_delivery_time": 30.380165289256198,
        "energy_per_order": 0.21216528925620873,
        "depletion_events": 1,
        "idle_pct": 0.15310462149135243,
        "charger_utilization": 0.13382478026651545,
        "n_delivered": 121,
        "n_dropped": 7,
        "episode_return": 1587.0280000000005
      }
    ]
  }
}