episode,reward
1,-333.80600000000004
2,-131.28000000000003
3,-264.837
4,-586.0709999999999
5,-305.87299999999993
6,-153.62499999999994
7,-595.2679999999999
8,-452.053
9,-92.657
10,-266.389
11,-1103.756
12,-76.12800000000001
13,-417.7970000000001
14,-362.22099999999995
15,-100.32300000000006
16,-890.91
17,-94.73400000000007
18,-380.8020000000001
19,-244.378
20,-120.67000000000006
