policy,cost_per_order_mean,cost_per_order_std,success_rate_mean,success_rate_std,ontime_rate_mean,ontime_rate_std,mean_delivery_time_mean,mean_delivery_time_std,energy_per_order_mean,energy_per_order_std,depletion_events_mean,depletion_events_std,idle_pct_mean,idle_pct_std,charger_utilization_mean,charger_utilization_std,n_delivered_mean,n_delivered_std,n_dropped_mean,n_dropped_std,episode_return_mean,episode_return_std
priority_dynaq,4.437281131744385,0.0,0.847352921962738,0.0,0.9032724499702454,0.0,34.34507369995117,0.0,0.216511532664299,0.0,3.3333332538604736,0.0,0.06057948246598244,0.0,0.1297871172428131,0.0,119.33333587646484,0.0,21.33333396911621,0.0,1211.5516357421875,0.0
random,18.780353546142578,0.0,0.6527568101882935,0.0,0.8900793194770813,5.960464477539063e-08,39.175167083740234,0.0,0.31475552916526794,0.0,8.0,0.0,0.06802855432033539,0.0,0.0669076144695282,0.0,39.66666793823242,0.0,21.66666603088379,0.0,-168.3260040283203,0.0
greedy_nearest,4.570042610168457,0.0,0.8549157977104187,0.0,0.9027644991874695,5.960464477539063e-08,34.08656311035156,0.0,0.218202605843544,0.0,4.0,0.0,0.06667568534612656,0.0,0.12737546861171722,0.0,118.33333587646484,0.0,20.0,0.0,1183.2567138671875,0.0
milp_rolling,4.722329139709473,0.0,0.836395800113678,0.0,0.9109105467796326,0.0,32.51198959350586,0.0,0.21530528366565704,0.0,3.3333332538604736,0.0,0.06556271016597748,0.0,0.13254328072071075,0.0,118.0,0.0,23.0,0.0,1172.998046875,0.0
