{
  "Behavior Cloning": {
    "mean": {
      "cost_per_order": 33.22581890838206,
      "success_rate": 0.4505040363474098,
      "ontime_rate": 0.9103313840155945,
      "mean_delivery_time": 36.07563352826511,
      "energy_per_order": 0.3082945419103256,
      "depletion_events": 7.666666666666667,
      "idle_pct": 0.16598913104150056,
      "charger_utilization": 0.05976728858663805,
      "n_delivered": 37.666666666666664,
      "n_dropped": 56.333333333333336,
      "episode_return": -698.5556666666656
    },
    "per_seed": [
      {
        "cost_per_order": 51.55557894736841,
        "success_rate": 0.2638888888888889,
        "ontime_rate": 0.8421052631578947,
        "mean_delivery_time": 39.81578947368421,
        "energy_per_order": 0.3318947368420972,
        "depletion_events": 7,
        "idle_pct": 0.1505838967424708,
        "charger_utilization": 0.07990165949600492,
        "n_delivered": 38,
        "n_dropped": 106,
        "episode_return": -1420.3919999999976
      },
      {
        "cost_per_order": 21.98057777777777,
        "success_rate": 0.5421686746987951,
        "ontime_rate": 0.8888888888888888,
        "mean_delivery_time": 36.91111111111111,
        "energy_per_order": 0.28502222222221785,
        "depletion_events": 8,
        "idle_pct": 0.14169787765293385,
        "charger_utilization": 0.06679151061173533,
        "n_delivered": 45,
        "n_dropped": 38,
        "episode_return": -340.1759999999995
      },
      {
        "cost_per_order": 26.141299999999994,
        "success_rate": 0.5454545454545454,
        "ontime_rate": 1.0,
        "mean_delivery_time": 31.5,
        "energy_per_order": 0.3079666666666617,
        "depletion_events": 8,
        "idle_pct": 0.205685618729097,
        "charger_utilization": 0.03260869565217391,
        "n_delivered": 30,
        "n_dropped": 25,
        "episode_return": -335.0989999999998
      }
    ]
  },
  "Naive Offline DQN": {
    "mean": {
      "cost_per_order": 19.56175653594771,
      "success_rate": 0.7415035172472244,
      "ontime_rate": 0.9509803921568626,
      "mean_delivery_time": 34.67156862745098,
      "energy_per_order": 0.3155147058823479,
      "depletion_events": 8.0,
      "idle_pct": 0.0941980783444198,
      "charger_utilization": 0.03263490499262857,
      "n_delivered": 30.666666666666668,
      "n_dropped": 12.666666666666666,
      "episode_return": -150.58333333333337
    },
    "per_seed": [
      {
        "cost_per_order": 18.87591666666666,
        "success_rate": 0.8888888888888888,
        "ontime_rate": 1.0,
        "mean_delivery_time": 35.75,
        "energy_per_order": 0.33424999999999466,
        "depletion_events": 8,
        "idle_pct": 0.06852497096399536,
        "charger_utilization": 0.003484320557491289,
        "n_delivered": 24,
        "n_dropped": 3,
        "episode_return": -93.02200000000005
      },
      {
        "cost_per_order": 22.36111764705882,
        "success_rate": 0.5964912280701754,
        "ontime_rate": 0.9117647058823529,
        "mean_delivery_time": 34.705882352941174,
        "energy_per_order": 0.3169999999999951,
        "depletion_events": 8,
        "idle_pct": 0.09285714285714286,
        "charger_utilization": 0.05317460317460317,
        "n_delivered": 34,
        "n_dropped": 23,
        "episode_return": -265.40800000000013
      },
      {
        "cost_per_order": 17.44823529411764,
        "success_rate": 0.7391304347826086,
        "ontime_rate": 0.9411764705882353,
        "mean_delivery_time": 33.55882352941177,
        "energy_per_order": 0.29529411764705393,
        "depletion_events": 8,
        "idle_pct": 0.12121212121212122,
        "charger_utilization": 0.041245791245791245,
        "n_delivered": 34,
        "n_dropped": 12,
        "episode_return": -93.31999999999996
      }
    ]
  },
  "CQL-lite": {
    "mean": {
      "cost_per_order": 39.3771811030097,
      "success_rate": 0.39836696148885203,
      "ontime_rate": 0.8697622571861924,
      "mean_delivery_time": 35.88403413555543,
      "energy_per_order": 0.31907939074976943,
      "depletion_events": 7.666666666666667,
      "idle_pct": 0.17736504853889914,
      "charger_utilization": 0.04639831856230647,
      "n_delivered": 33.333333333333336,
      "n_dropped": 63.333333333333336,
      "episode_return": -870.7013333333325
    },
    "per_seed": [
      {
        "cost_per_order": 24.03386206896551,
        "success_rate": 0.6041666666666666,
        "ontime_rate": 0.8620689655172413,
        "mean_delivery_time": 38.758620689655174,
        "energy_per_order": 0.3269655172413735,
        "depletion_events": 8,
        "idle_pct": 0.09523809523809523,
        "charger_utilization": 0.028944911297852476,
        "n_delivered": 29,
        "n_dropped": 19,
        "episode_return": -282.212
      },
      {
        "cost_per_order": 44.870735294117644,
        "success_rate": 0.3148148148148148,
        "ontime_rate": 0.8823529411764706,
        "mean_delivery_time": 33.35294117647059,
        "energy_per_order": 0.30602941176469933,
        "depletion_events": 8,
        "idle_pct": 0.23355025307302965,
        "charger_utilization": 0.036153289949385395,
        "n_delivered": 34,
        "n_dropped": 74,
        "episode_return": -1037.084999999999
      },
      {
        "cost_per_order": 49.226945945945936,
        "success_rate": 0.27611940298507465,
        "ontime_rate": 0.8648648648648649,
        "mean_delivery_time": 35.54054054054054,
        "energy_per_order": 0.3242432432432355,
        "depletion_events": 7,
        "idle_pct": 0.20330679730557258,
        "charger_utilization": 0.07409675443968157,
        "n_delivered": 37,
        "n_dropped": 97,
        "episode_return": -1292.8069999999984
      }
    ]
  },
  "Random Policy": {
    "mean": {
      "cost_per_order": 18.78035406746031,
      "success_rate": 0.6527568062228323,
      "ontime_rate": 0.890079365079365,
      "mean_delivery_time": 39.175165343915346,
      "energy_per_order": 0.3147555224867669,
      "depletion_events": 8.0,
      "idle_pct": 0.06802855804182396,
      "charger_utilization": 0.06690761693901064,
      "n_delivered": 39.666666666666664,
      "n_dropped": 21.666666666666668,
      "episode_return": -168.326
    },
    "per_seed": [
      {
        "cost_per_order": 19.983281249999994,
        "success_rate": 0.6808510638297872,
        "ontime_rate": 0.875,
        "mean_delivery_time": 39.59375,
        "energy_per_order": 0.3114062499999947,
        "depletion_events": 8,
        "idle_pct": 0.07238605898123325,
        "charger_utilization": 0.041108132260947276,
        "n_delivered": 32,
        "n_dropped": 15,
        "episode_return": -179.51500000000004
      },
      {
        "cost_per_order": 17.019047619047612,
        "success_rate": 0.6774193548387096,
        "ontime_rate": 0.9285714285714286,
        "mean_delivery_time": 37.642857142857146,
        "energy_per_order": 0.3119047619047563,
        "depletion_events": 8,
        "idle_pct": 0.05249169435215947,
        "charger_utilization": 0.07574750830564785,
        "n_delivered": 42,
        "n_dropped": 20,
        "episode_return": -100.00999999999996
      },
      {
        "cost_per_order": 19.338733333333327,
        "success_rate": 0.6,
        "ontime_rate": 0.8666666666666667,
        "mean_delivery_time": 40.28888888888889,
        "energy_per_order": 0.32095555555554967,
        "depletion_events": 8,
        "idle_pct": 0.07920792079207921,
        "charger_utilization": 0.08386721025043681,
        "n_delivered": 45,
        "n_dropped": 30,
        "episode_return": -225.45299999999997
      }
    ]
  },
  "Greedy Nearest": {
    "mean": {
      "cost_per_order": 4.570042801915485,
      "success_rate": 0.8549158221641059,
      "ontime_rate": 0.902764421909452,
      "mean_delivery_time": 34.086563025128456,
      "energy_per_order": 0.2182026060941716,
      "depletion_events": 4.0,
      "idle_pct": 0.06667568662830013,